legacy_code,description,long_text,uom,manufacturer,part_number,material_group,last_po_price_inr,annual_qty
B3100200010,DGBB 6205-2RS1/C3 (ID25 OD52 W15),,EA,SKF,6205-2RSH/C3,B0312,372,20
B3100200040,DGBB 6205-2Z/C3 (ID25 OD52 W15),,EA,,,B0312,,
B3100200051,DGBB 6206-2RS1/C3 (ID30 OD62 W16),,EA,,,B0312,627,69
B3100200060,DGBB 6206-2Z/C3 (ID30 OD62 W16),,EA,NBC,6206 ZZ C3,B0312,,
B3100200088,DGBB 6208-2Z/C3 (ID40 OD80 W18),,EA,,,B0312,,
B3100200123,DGBB 6210-2RS1/C3 (ID50 OD90 W20),,EA,FAG,6210-2RSR-C3,B0312,1582,46
B3100200137,DGBB 6307/C3 (ID35 OD80 W21),,EA,,,B0312,,
B3100200161,DGBB 6308-2RS1/C3 (ID40 OD90 W23),,EA,FAG,6308-2RSR-C3,B0312,1275,69
B3100200182,DGBB 6310/C3 (ID50 OD110 W27),,EA,NSK,6310C3,B0312,2147,40
B3100200189,DGBB 6204-2RS1/CN (ID20 OD47 W14),,EA,FAG,6204-2RSR-CN,B0312,289,41
B3100200223,CRB NU205/C3 (ID25 OD52 W15),,EA,,,B0312,,
B3100200252,CRB NU206/C3 (ID30 OD62 W16),,EA,FAG,NU206-E-XL-TVP2-C3,B0312,,
B3100200270,CRB NU206/C3 (ID30 OD62 W16),,EA,,,B0312,,
B3100200277,CRB NU308/C3 (ID40 OD90 W23),,EA,,,B0312,,
B3100200298,CRB NU310/C3 (ID50 OD110 W27),,EA,,,B0312,6068,54
B3100200306,CRB NU310/C3 (ID50 OD110 W27),,EA,,,B0312,,
B3100200331,CRB NJ308/C3 (ID40 OD90 W23),,EA,,,B0312,4582,32
B3100200337,CRB NU312/C3 (ID60 OD130 W31),,EA,NSK,NU312,B0312,,
B3100200368,SRB 22210/C3 (ID50 OD90 W23),,EA,,,B0312,9123,22
B3100200404,SRB 22212/C3 (ID60 OD110 W28),,EA,NSK,22212,B0312,10118,63
B3100200428,SRB 22216/C3 (ID80 OD140 W33),,EA,TIMKEN,22216,B0312,,
B3100200450,SRB 22220/C3 (ID100 OD180 W46),,EA,NSK,22220,B0312,40922,33
B3100200474,TRB 30205 (ID25 OD52 W16.25),,EA,,,B0312,,
B3100200498,TRB 30205 (ID25 OD52 W16.25),,EA,SKF,30205 J2/Q,B0312,,
B3100200505,TRB 30208 (ID40 OD80 W19.75),,EA,TIMKEN,30208,B0312,2040,76
B3100200512,TRB 30210 (ID50 OD90 W21.75),,EA,,,B0312,2879,28
B3100200516,ACBB 7310 (ID50 OD110 W27),,EA,TIMKEN,7310,B0312,6478,21
B3100200530,VALVE GATE DN50 PN20 WCB RF,API 600,EA,,,V0201,,
B3100200554,VALVE GATE DN80 PN20 WCB RF,API 600,EA,,,V0201,,
B3100200591,VALVE GATE DN100 PN20 WCB RF,API 600,EA,,,V0201,,
B3100200603,VALVE GATE DN100 PN50 WCB RF,API 600,EA,,,V0201,66492,10
B3100200624,VALVE GATE DN15 CL800 A105 SW,API 602,EA,,,V0201,,
B3100200652,VALVE GATE DN25 CL800 A105 SW,API 602,EA,,,V0201,,
B3100200671,VALVE GATE DN25 CL800 A105 SCRD NPT,API 602,EA,,,V0201,3425,8
B3100200689,VALVE GATE DN25 CL800 F316 SW,API 602,EA,,,V0201,,
B3100200704,VALVE GLOBE DN50 PN20 WCB RF,BS 1873,EA,,,V0201,,
B3100200723,VALVE GLOBE DN50 PN50 WCB RF,BS 1873,EA,,,V0201,33426,14
B3100200737,VALVE BALL DN25 PN20 CF8M RF,"API 6D, FIRE SAFE API 607",EA,,,V0201,,
B3100200753,VALVE BALL DN50 PN20 CF8M RF,"API 6D, FIRE SAFE API 607",EA,,,V0201,,
B3100200762,VALVE BALL DN80 PN20 CF8M RF,"API 6D, FIRE SAFE API 607",EA,,,V0201,41826,18
B3100200787,VALVE BALL DN80 PN50 WCB RF,"API 6D, FIRE SAFE API 607",EA,,,V0201,,
B3100200806,VALVE CHECK DN50 PN20 WCB RF,BS 1868,EA,,,V0201,15282,24
B3100200827,VALVE CHECK DN100 PN50 WCB RF,BS 1868,EA,,,V0201,,
B3100200830,VALVE BUTTERFLY DN250 PN20 DI WAFER,API 609,EA,,,V0201,42042,7
B3100200865,VALVE BUTTERFLY DN300 PN20 DI WAFER,API 609,EA,,,V0201,,
B3100200888,CABLE 1.1KV A2XFY 3.5CX25,IS 7098-1,MT,,,C0401,,
B3100200922,CABLE 1.1KV A2XFY 3.5CX35,IS 7098-1,MT,,,C0401,255,1112
B3100200957,CABLE 1.1KV A2XFY 3.5CX50,IS 7098-1,MT,,,C0401,353,489
B3100200970,CABLE 1.1KV A2XFY 3.5CX70,IS 7098-1,MT,,,C0401,462,664
B3100201002,CABLE 1.1KV A2XFY 3.5CX95,IS 7098-1,MT,,,C0401,533,453
B3100201028,CABLE 1.1KV A2XFY 3.5CX120,IS 7098-1,MT,,,C0401,,
B3100201063,CABLE 1.1KV A2XFY 3.5CX185,IS 7098-1,MT,,,C0401,849,1113
B3100201093,CABLE 1.1KV A2XFY 3.5CX240,IS 7098-1,MT,,,C0401,,
B3100201128,CABLE 1.1KV 2XWY 4CX6,IS 7098-1,MT,,,C0401,205,541
B3100201137,CABLE 1.1KV 2XWY 4CX16,IS 7098-1,MT,,,C0401,539,892
B3100201166,CABLE 11KV A2XFY 3CX95,IS 7098-2,MT,,,C0401,1397,353
B3100201173,CABLE 11KV A2XFY 3CX185,IS 7098-2,MT,,,C0401,2319,459
B3100201191,CABLE 11KV A2XFY 3CX240,IS 7098-2,MT,,,C0401,,
B3100201205,CABLE 11KV A2XFY 3CX300,IS 7098-2,MT,,,C0401,2951,498
B3100201227,CABLE 6.6KV A2XFY 3CX185,IS 7098-2,MT,,,C0401,2020,456
B3100201241,CABLE 1.1KV YWY 4CX1.5 FRLS,IS 1554-1,MT,,,C0401,,
B3100201268,CABLE 1.1KV YWY 7CX1.5 FRLS,IS 1554-1,MT,,,C0401,,
B3100201269,CABLE 1.1KV YWY 12CX1.5 FRLS,IS 1554-1,MT,,,C0401,208,909
B3100201275,CABLE 1.1KV YWY 4CX2.5 FRLS,IS 1554-1,MT,,,C0401,,
B3100201311,CABLE 1.1KV YWY 12CX2.5 FRLS,IS 1554-1,MT,,,C0401,,
B3100201325,CABLE 1.1KV YWY 12CX2.5 FRLS,IS 1554-1,MT,,,C0401,,
B3100201356,HEX BOLT M16X2X60 CL 8.8 HDG ISO 4014,,EA,,,F0101,40,2761
B3100201364,HEX BOLT M16X2X80 CL 8.8 HDG ISO 4014,,EA,,,F0101,48,2750
B3100201370,HEX BOLT M20X2.5X80 CL 8.8 HDG ISO 4014,,EA,,,F0101,86,1463
B3100201391,HEX BOLT M20X2.5X80 CL 8.8 HDG ISO 4014,,EA,,,F0101,,
B3100201415,HEX BOLT M20X2.5X100 CL 8.8 HDG ISO 4014,,EA,,,F0101,97,1259
B3100201441,HEX BOLT M24X3X120 CL 8.8 HDG ISO 4014,,EA,,,F0101,,
B3100201464,HEX BOLT M16X2X80 CL 10.9 HDG ISO 4014,,EA,,,F0101,59,974
B3100201480,HEX BOLT M20X1.5X80 CL 8.8 HDG ISO 4014,,EA,,,F0101,,
B3100201506,"STUD BOLT 1/2""UNC X 75 A193 B7 W/ 2 NUTS A194 2H",,EA,,,F0101,55,1025
B3100201533,"STUD BOLT 5/8""UNC X 90 A193 B7 W/ 2 NUTS A194 2H",,EA,,,F0101,64,2959
B3100201559,"STUD BOLT 5/8""UNC X 110 A193 B7 W/ 2 NUTS A194 2H",,EA,,,F0101,91,1184
B3100201564,"STUD BOLT 3/4""UNC X 110 A193 B7 W/ 2 NUTS A194 2H",,EA,,,F0101,114,1592
B3100201591,"STUD BOLT 3/4""UNC X 130 A193 B7 W/ 2 NUTS A194 2H",,EA,,,F0101,118,1033
B3100201614,"STUD BOLT 5/8""UNC X 110 A193 B7 W/ 2 NUTS A194 2H PTFE COATED",,EA,,,F0101,,
B3100201622,HEX NUT M16 CLASS 8 HDG ISO 4032,,EA,,,F0101,8,2763
B3100201636,CENTRIFUGAL PUMP SET Q=25 M3/H H=32 M 5.5KW TEFC SS316 ISO 5199,,EA,KSB,,P0105,,
B3100201663,CENTRIFUGAL PUMP SET Q=50 M3/H H=40 M 7.5KW FLP CI IS 5120,,EA,,,P0105,126349,1
B3100201678,CENTRIFUGAL PUMP SET Q=100 M3/H H=50 M 22KW TEFC CI IS 5120,,EA,KSB,,P0105,,
B3100201687,CENTRIFUGAL PUMP SET Q=200 M3/H H=40 M 37KW TEFC CI IS 5120,,EA,,,P0105,430057,3
B3100201703,SUBMERSIBLE PUMP SET Q=200 M3/H H=60 M 45KW TEFC CI IS 8034,,EA,,,P0105,,
B3100201717,VALVE GATE DN100 WCB,,EA,,,MISC,,
B3100201732,CENTRIFUGAL PUMP SET 50 M3/H,,EA,,,MISC,,
B3100201751,MECHANICAL SEAL FOR PUMP 50MM SHAFT,,EA,,,MISC,,
B3100201757,"VALVE SPINDLE FOR 4"" GATE VALVE",,EA,,,MISC,,