Material No.,Material Description,Long Text,Base Unit,Mfr Name,Mfr Part No.,Matl Group,Last PO Rate (INR)
P08000105,BEARING BALL 6205 2RS C3,,EA,NBC,6205 2RS C3,BRG-01,444
P08000128,BEARING BALL 6206 2RS C3,,EA,,,BRG-01,612
P08000154,BEARING BALL 6308 2RS C3,,EA,NBC,6308 2RS C3,BRG-01,1536
P08000189,BEARING CYLINDRICAL ROLLER NU310 C3,,EA,TIMKEN,NU310,BRG-01,7474
P08000191,BEARING SPHERICAL ROLLER 22216 C3,,EA,TIMKEN,22216,BRG-01,20709
P08000192,BEARING BALL 6205 ZZ C3,,EA,,,BRG-01,404
P08000194,GATE VALVE 4 INCH 150# A216 WCB FLANGED RF,API 600,EA,,,VLV-02,44558
P08000219,GATE VALVE 4 INCH 300# A216 WCB FLANGED RF,API 600,EA,,,VLV-02,64915
P08000223,GATE VALVE 2 INCH 150# A216 WCB FLANGED RF,API 600,EA,,,VLV-02,19227
P08000248,BALL VALVE 2 INCH 150# A351 CF8M FLANGED RF,API 6D,EA,,,VLV-02,28865
P08000273,GLOBE VALVE 3 INCH 150# A216 WCB FLANGED RF,BS 1873,EA,,,VLV-02,39336
P08000289,CHECK VALVE 4 INCH 150# A216 WCB FLANGED RF,BS 1868,EA,,,VLV-02,40883
P08000313,GATE VALVE 1 INCH 800# ASTM A105 SOCKET WELD,API 602,EA,,,VLV-02,3552
P08000342,POWER CABLE 3.5C X 95 SQMM AL XLPE ARMOURED 1.1KV,,M,,,CBL-01,617
P08000375,POWER CABLE 3.5C X 240 SQMM AL XLPE ARMOURED 1.1KV,,M,,,CBL-01,1435
P08000380,POWER CABLE 3C X 240 SQMM AL XLPE ARMOURED 11KV,,M,,,CBL-01,2988
P08000403,CONTROL CABLE 12C X 1.5 SQMM CU PVC ARMOURED 1.1KV FRLS,,M,,,CBL-01,201
P08000435,POWER CABLE 4C X 16 SQMM CU XLPE ARMOURED 1.1KV,,M,,,CBL-01,508
P08000461,BOLT HEX M16 X 80MM GR 8.8 HOT DIP GALVANISED,,NOS,,,FST-01,47
P08000469,"STUD BOLT 5/8""UNC X 110 A193 B7 W/ 2 NUTS A194 2H",,EA,,,FST-01,82
P08000478,BOLT HEX M20 X 80MM GR 8.8 HOT DIP GALVANISED,,NOS,,,FST-01,78
P08000497,BOLT HEX M12 X 50MM GR SS316 BLACK,,NOS,,,FST-01,87
P08000516,CENTRIFUGAL PUMP SET Q=50 M3/H H=40 M 7.5KW FLP CI IS 5120,,EA,KIRLOSKAR,,PMP-01,134819
P08000525,CENTRIFUGAL PUMP SET Q=100 M3/H H=50 M 22KW TEFC CI IS 5120,,EA,KSB,,PMP-01,278117
P08000551,"GASKET SPIRAL WOUND 2"" 300# SS316",,EA,,,GSK-01,640
P08000565,VALVE BALL,AS PER P&ID,EA,,,VLV-02,